username,niche
_sir.mango,animal lover
gypseableu27,animal lover
raul_pics,animal lover
accessories.by.activists,animal lover
lorelyproject,animal lover
border_hannah,animal lover
elvis.fog,animal lover
saraezzell,animal lover
athanasiagrigoraki,animal lover
hudson_the_golden_pup,animal lover
louis_the_spitz_,animal lover
olcayfirat71,animal lover
gojustso,animal lover
lovely_animals7,animal lover
omar_antonio_alcala,animal lover
evil_smilllle,animal lover
lebougnatalsacien,animal lover
photosbyjosef,animal lover
rechris_1234,animal lover
aylin_mstn,animal lover
mlb.photographies,animal lover
matteo.dapice,animal lover
evannhaaselof,animal lover
annoula.chania,animal lover
missan_love_tonfisk,animal lover
mariamekatherina,animal lover
zoemarvelle,animal lover
guillaume_wilhelm,animal lover
leo.the.pinstripe,animal lover
kinder_or_,animal lover
robfagan.1,animal lover
ullymolly,animal lover
gu3.the.explorer,animal lover
vonasakusa,animal lover
phil_pas_dlmr,animal lover
zunurain_photography,animal lover
erenjantz,animal lover
nikkidominique,animal lover
captures_by_farman,animal lover
drawing_kaw__,animal lover
de.szaitseva,animal lover
mollyrue_and_lillylou,animal lover
elenagarcia390,animal lover
agnieszka_zakrzewska_,animal lover
jax_introuble,animal lover
_lifeofspeedy_,animal lover
vovodicas,animal lover
iam.niebla,animal lover
animals.col,animal lover
ramannarula,animal lover
andreassfischer,animal lover
lady_red_dragon,animal lover
shot_by_somu,animal lover
naike_belen,animal lover
iamrobbellamy,animal lover
melissajayne,animal lover
lene.m_art,animal lover
amiyafuriru,animal lover
theroguemuslim,business
softservemarketing,business
ambi.mkd,business
toryon_thomas,business
thebogchique,business
james1fab,business
punto_del_lusso,business
primebusinessstrategy,business
aa.taxlegal,business
angela.iris_,business
amia.maro.service,business
elshen_bakxishoff,business
glimpse.light,business
daryls_life_story,business
mktaprendiz,business
persian_gemstones,business
gp_2911,business
perfectly_poppy_scents,business
sab_design_graphisme,business
signal_trading_forex_2019,business
mr_hamilton_george,business
adsconsultingservices,business
sh.amil4480,business
uno33uno,business
chris7thdesire,business
yash_photography789,business
co_kim777,business
affiliate_business1,business
artees215,business
meyerjluke,business
_kc.beauty,business
annemariecocochips,business
graphics_by_salaar,business
luciaescpr,business
p.j.lingua_services,business
therusticbrusharlington,business
akram.7864,business
salsakyrony,business
brixialtechnologies,business
theguywhowintheworld,business
camillabarnes26,business
manoj_kyadav,business
motivationapp2018,business
20mileco,business
bishalrajkoirala,business
livealphalondon,business
dilbar_greenway_almaty,business
dghostwriters,business
pawan_here_19,business
jasehattler,business
artrybicka,fashion
psychic_gallery,fashion
paulwalker_memory_seeyouagain,fashion
limford_rina,fashion
justabood_15,fashion
beeeerkayy,fashion
ivagala_frizerski_salon,fashion
patrice_victoire,fashion
medina_margot_,fashion
vickijayyy,fashion
foal_on_the_roll,fashion
scorchorecords,fashion
xfrasssexx.x,fashion
tatiana_vakhrusheva_,fashion
zlata.ognevich.is.my.love,fashion
lustforlife95,fashion
meallart,fashion
nail_art_asi,fashion
sowm1ya.palani,fashion
angela.strano_,fashion
alessandra_fashionstylist,fashion
butik_queen_fashion,fashion
_in.ko.gni.to_,fashion
forevertwenteen,fashion
conord__,fashion
fefismakeup,fashion
cmgmotorcycles,fashion
amandine_kh,fashion
itsjalenb,fashion
lejlaluisa,fashion
jordyndeanphotography,fashion
creativekh1,fashion
haifa__gr,fashion
pictures.quee_,fashion
sergiogiron54,fashion
peransaaamezon,fashion
femfashionboutique,fashion
nilamelena,food
sidheshhhhhh,food
sn8cc,food
o_cuoppo,food
uryveg4,food
meating_drama,food
handeallkann,food
furaje.aiste,food
fanny_hyt,food
marinamary4846,food
viniciusjunior20000,food
g_ignacioinostroza,food
isabellahinojosam,food
_kitcheninja_,food
marcell_magic_mike,food
kivanchua,food
spritz.twist,food
alain_sanz,food
patricia.msb,food
roshan_pereira_,food
holger_steinberg,food
mustafafaisal3,food
healthylife_sylvana,food
cypriotsayings,food
shop69.in,food
burnsy.eats.in.eds,food
l.j._walker,food
conceptgaraj,food
rephaelhouse,food
photography_4_fuuun,food
ebello_omagna,food
recette.dz,food
aliababdeh,food
crackfoodgroup,food
asu_farmasi_,food
_anna__kobets_,food
belathi,food
clear_vibes101,food
chef_zouhair,food
7gardenloungemalad,food
everyoneskitchen_,food
natalia.smiley,food
oleum241,food
javanmusic7,food
anguianojavier10,food
loigiacomo_,food
mamad_hb_79,food
romova_baba_bakery,food
magda_lena_king,food
kiki_healthy_food,food
ariana.grande.4.me,food
lacocina_medrano,food
izzabelai,fitness
kristenalexxandra,fitness
findgoodvibes,fitness
sabrina7_7fitness,fitness
d.a.v.e_dave,fitness
umivapes,fitness
sobersashasays,fitness
g.army1969,fitness
kobietapoluje,fitness
medbno,fitness
28dayketo_,fitness
healthylife_sylvana,fitness
nadiaamiaa,fitness
uryveg4,fitness
epiphanyentertainment,fitness
jacobmherbert,fitness
broomstickandtricorn,fitness
luckrockbass,fitness
sozorecoverycenters,fitness
aliababdeh,fitness
_kitcheninja_,fitness
everyoneskitchen_,fitness
thanos_ishere,fitness
pcnewbeginning,fitness
coolveggishit,fitness
instaram94,fitness
j.j.f.o,fitness
bellayoga_,fitness
physiquewarehouse,fitness
jeff.the.jones,fitness
missjemzie,fitness
atelier_lumina,fitness
go2_jerry,fitness
fitcurlsandglasses,fitness
chris.papadimitrioy,fitness
kryssagewellness,fitness
sunset_fitness_therapy,fitness
photolisator,lifestyle
iynas99,lifestyle
magi123yhia,lifestyle
studio_webcreations,lifestyle
etay_gavriel_oren,lifestyle
richs.gang,lifestyle
just_agirlwhowishesfortheworld,lifestyle
ditschaf,lifestyle
patrikvaglioart,lifestyle
__blssdkindly,lifestyle
mcrsn13,lifestyle
soulmatesofficail0,lifestyle
jmgcompany2019,lifestyle
harpstrucking,lifestyle
iammichou_,lifestyle
elouazgouni,lifestyle
manaelle.cb,lifestyle
eilucca,lifestyle
licrondamon,lifestyle
davidlabaule,lifestyle
bnandez_20,lifestyle
carolinesellier,lifestyle
dinakalmanovich,lifestyle
marcodelaytz,lifestyle
mr.sahin.official,lifestyle
antoni_portugal.98,lifestyle
shii_different,lifestyle
thalina.chapin,lifestyle
jimmygarciacarpentier,lifestyle
mystydayzz,lifestyle
money_baby_shay1,lifestyle
calu_leaf,lifestyle
serikova.alla,lifestyle
dunedindave,lifestyle
clark_her0,lifestyle
mike_stella,painting
candy_shark___,painting
k.artyxxi,painting
leylaayddin,painting
ksohaelrary,painting
jasmin.franze,painting
jojoheizmann,painting
_kita_ray_,painting
enrique.mugnaio,painting
atpx.io,painting
budeiart,painting
unalmario,painting
_blackhail_,painting
rojofluo,painting
peach.jewerly,painting
artvice_,painting
ennopaulusma,painting
arte.carlos.sesma,painting
ramialhajaliartist,painting
ruby_roth_berlin,painting
thehoodleworld,painting
passion_of_pats_life,painting
janwilwerth_art,painting
andreaschillaciart,painting
spawlowski90,painting
marcad0r_indeleble,painting
ergunismayilov,painting
rina_ota,painting
flammeenfeu,painting
marcodelaytz,painting
deetri_bam,painting
go.go.go.gon._gon._1113,painting
herodotustudio,painting
andresilvasle,painting
mr.zer0_official,painting
mish_works,painting
earthsbloomings.art,painting
franciquiritaartist,painting
hayam_8890,painting
nilooaquarelle,painting
bwoods2014,pets
sanduichebulldog,pets
_lifeofspeedy_,pets
iam.niebla,pets
stverakuvdvur,pets
pugpersian,pets
gabrielmaciast,pets
animals.col,pets
lady_red_dragon,pets
iamrobbellamy,pets
odisedward,pets
monteryers,pets
shot_by_somu,pets
bowseery,pets
liliwizen,pets
bengal_cat_miko,pets
luzie.86,pets
life_of_bellethebun,pets
_lola_the_puppy,pets
stephellina_on_tour,pets
minamatschbananaaaaa,pets
atakanalper.cevik,pets
riley.havanese,pets
firat_inall,pets
romeocallisto,pets
cimpulungeanuluisa123,pets
ralph_and_dave2016,pets
lahayachili,pets
andresylunarodriguez,pets
padmereyobi,pets
myminipanters,pets
halybird92,pets
globalsynergyrecruitment,pets
aartequelate,pets
vonasakusa,pets
leon.scar.cats,pets
groy_el_aleman,pets
pets101shop,pets
dailydose_of_tiger,pets
consenti2market,pets
janeldavis,pets
l_serg_l,pets
gestor.pet,pets
snip_dogg_ny,pets
_ryantorrez,pets
roland_foodhall,pets
piulaprac,pets
calopsita_carioca,pets
pucker_and_his_monkeys,pets
chomik_fredek,pets
macydaisymaxrex_,pets
maja_bizelj,pets
the.puglola,pets
naza28,pets
donna_b3lla,pets
rina_moran_,pets
tudorandspirit,pets
almonacid_adrian,pets
6pisici,pets
callmeeludmi,pets
diabrimaris,pets
lil_miss_brazi,pets
sebastian_szeremeta,pets
elevenvsthedemogorgon,pets
vamos_com_jhony,pets
annnimalove,pets
jakeethedogg_,pets
snowytheburmese,pets
stsmw_,pets
doggiesbrotherss,pets
jasper.tux,pets
_thesharpeis,pets
barleydogco,pets
luke.the.renegade,shopping
alessandra_fashionstylist,shopping
thegretchel,shopping
mari_gragh_new,shopping
woolewo,shopping
hildatravel,shopping
femfashionboutique,shopping
shopper_jane_new,shopping
closed_._heart,shopping
mxntxs__,shopping
patchinwithpeoples,shopping
maylob_anti,shopping
crazyhighheellover,shopping
forevertwenteen,shopping
vestidor.cba,shopping
sikdar.subhajeet,shopping
_x.spark_,shopping
sompari_onlinestore,shopping
l.ordine.degli.animagus,shopping
fashion_boutique_anna,shopping
lunarlizy_stylish,shopping
yesbeautychannel,shopping
toppresentes,shopping
beautyenkaptured,shopping
icebergmumu,shopping
mohnishkashyap444,shopping
ashu_overthinker05,shopping
partner_lr_cristian,shopping
segnora_voskresensk,shopping
11bryces,shopping
crazytieman,shopping
mundoartedigital,shopping
scheuermann_mode_accessoires,shopping
anacecilia_1115,shopping
vintagegrandifirme,shopping
mencantaboutique_,shopping
ima______mode,shopping
thesolartramp,travel
ecpmario,travel
oceanxxwaves,travel
miguelmendeseofficial,travel
__mar__cin__,travel
jamiejanephotography,travel
eileray,travel
livingkayly,travel
anna_6o4,travel
deniofreitas,travel
lisabennett1990,travel
heidirobles91,travel
jodie_bl,travel
kevyngajuds,travel
firat_inall,travel
brancomoran,travel
djebalideperigny,travel
viral_king__,travel
z.allyworld,travel
mathilde.unicorn,travel
chilebellopais,travel
lacalderaescarlata2019,travel
seven0832,travel
sierragrando,travel
realestatt,travel
mish_works,travel
flaviobinda_,travel
na.coimbra,travel
beautyenkaptured,travel
ray.with.wanderlust,travel
deb_richardson16,travel
rahuldultaphotography,travel
dranyam_29,travel
amy_vanner,travel
icebergmumu,travel
bexiu_07,travel
doctapvella,travel
timothy.c02,travel
karan.bhalerao,travel
jordan23107,travel
